-- ================================================
-- IMPORTACION TABLAS CONTABLES CBI 2026
-- Generado: 2026-04-06 11:12:00
-- ================================================
SET NAMES utf8mb4;
SET FOREIGN_KEY_CHECKS=0;

-- centro_costos (7 filas)
INSERT INTO `centro_costos` (`codigo_centro`, `nombre`) VALUES
  (21, 'Matrícula'),
  (22, 'Bibliobanco'),
  (23, 'Pensión'),
  (24, 'Transporte'),
  (25, 'Alimentación'),
  (26, 'Cafetería'),
  (27, 'Otros Ingresos');

-- conceptos (25 filas)
INSERT INTO `conceptos` (`codigo_concepto`, `concepto`, `centro_costo`) VALUES
  ('001', 'MATRÍCULA', '21'),
  ('002', 'BIBLIOBANCO', '22'),
  ('003', 'PENSIÓN', '23'),
  ('004', 'TRANSPORTE ESCOLAR', '24'),
  ('005', 'ALMUERZO', '25'),
  ('006', 'REFRIGERIO', '25'),
  ('007', 'UNIFORMES', '27'),
  ('008', 'FORMULARIOS', '27'),
  ('009', 'CERTIFICADOS', '27'),
  ('010', 'DERECHOS DE GRADO', '27'),
  ('011', 'SALIDAS PEDAGÓGICAS', '27'),
  ('012', 'NIVELACIÓN Y/O ASESORÍA DE TAREAS', '27'),
  ('013', 'CARNET', '21'),
  ('014', 'ESCUDO', '21'),
  ('023', 'AJUSTE', '23'),
  ('024', 'APLICACIÓN PRUEBA INGLES', '27'),
  ('015', 'MATRÍCULA EXTEMPORÁNEA', '21'),
  ('019', 'BOLETAS', '27'),
  ('020', 'REPOSICIÓN LIBROS BIBLIOBANCO', '22'),
  ('022', 'PRUEBAS SABER 11', '27'),
  ('021', 'SERVICIOS FINANCIEROS', '27'),
  ('016', 'AGENDA', '21'),
  ('017', 'TEXTOS ESCOLARES', '27'),
  ('018', 'ESTUDIOS FOTOGRÁFICOS', '27'),
  ('025', 'DESCUENTO', NULL);

-- costo_pension (33 filas)
INSERT INTO `costo_pension` (`codigo_pension`, `valor`) VALUES
  (1, 187400.0000),
  (2, 192800.0000),
  (3, 314250.0000),
  (4, 323000.0000),
  (5, 474600.0000),
  (6, 479300.0000),
  (7, 486200.0000),
  (8, 493500.0000),
  (9, 497800.0000),
  (10, 509800.0000),
  (11, 590400.0000),
  (12, 596900.0000),
  (13, 600200.0000),
  (14, 610000.0000),
  (15, 628500.0000),
  (16, 631800.0000),
  (17, 641600.0000),
  (18, 646000.0000),
  (19, 650000.0000),
  (20, 653600.0000),
  (21, 659000.0000),
  (22, 660000.0000),
  (23, 670200.0000),
  (24, 686800.0000),
  (25, 693000.0000),
  (26, 697200.0000),
  (27, 708000.0000),
  (28, 726600.0000),
  (29, 746200.0000),
  (30, 755000.0000),
  (31, 756000.0000),
  (32, 766900.0000),
  (33, 777000.0000);

-- costo_transporte (13 filas)
INSERT INTO `costo_transporte` (`codigo_transporte`, `costo`) VALUES
  (1, 212500.0000),
  (2, 223400.0000),
  (3, 234500.0000),
  (4, 234600.0000),
  (5, 258300.0000),
  (6, 325500.0000),
  (7, 381400.0000),
  (8, 397800.0000),
  (9, 419500.0000),
  (10, 435700.0000),
  (11, 441300.0000),
  (12, 457700.0000),
  (13, 468600.0000);

-- pension (311 filas)
INSERT INTO `pension` (`codigo_alumno`, `codigo_pension`, `codigo_concepto`, `centro_costo`) VALUES
  (12069, 7, '003', '23'),
  (13010, 5, '003', '23'),
  (13052, 5, '003', '23'),
  (13071, 5, '003', '23'),
  (13102, 5, '003', '23'),
  (14073, 5, '003', '23'),
  (14081, 5, '003', '23'),
  (14089, 5, '003', '23'),
  (14096, 5, '003', '23'),
  (14098, 7, '003', '23'),
  (15003, 6, '003', '23'),
  (15011, 6, '003', '23'),
  (15016, 6, '003', '23'),
  (15018, 6, '003', '23'),
  (15032, 10, '003', '23'),
  (15039, 6, '003', '23'),
  (15040, 6, '003', '23'),
  (15043, 10, '003', '23'),
  (15058, 6, '003', '23'),
  (15061, 6, '003', '23'),
  (15063, 6, '003', '23'),
  (16003, 6, '003', '23'),
  (16007, 6, '003', '23'),
  (16008, 6, '003', '23'),
  (16009, 6, '003', '23'),
  (16010, 6, '003', '23'),
  (16014, 6, '003', '23'),
  (16015, 6, '003', '23'),
  (16017, 6, '003', '23'),
  (16018, 6, '003', '23'),
  (16019, 6, '003', '23'),
  (16025, 6, '003', '23'),
  (16027, 6, '003', '23'),
  (16028, 6, '003', '23'),
  (16033, 6, '003', '23'),
  (16037, 6, '003', '23'),
  (16039, 6, '003', '23'),
  (16048, 6, '003', '23'),
  (16054, 6, '003', '23'),
  (16055, 6, '003', '23'),
  (16058, 6, '003', '23'),
  (16069, 6, '003', '23'),
  (17000, 8, '003', '23'),
  (17001, 8, '003', '23'),
  (17005, 8, '003', '23'),
  (17006, 8, '003', '23'),
  (17007, 8, '003', '23'),
  (17010, 8, '003', '23'),
  (17011, 8, '003', '23'),
  (17020, 8, '003', '23'),
  (17024, 8, '003', '23'),
  (17027, 8, '003', '23'),
  (17029, 13, '003', '23'),
  (17032, 8, '003', '23'),
  (17033, 13, '003', '23'),
  (17035, 8, '003', '23'),
  (17036, 8, '003', '23'),
  (17038, 8, '003', '23'),
  (17039, 8, '003', '23'),
  (17042, 8, '003', '23'),
  (17043, 8, '003', '23'),
  (17046, 8, '003', '23'),
  (17048, 8, '003', '23'),
  (17055, 13, '003', '23'),
  (17059, 13, '003', '23'),
  (17060, 8, '003', '23'),
  (17063, 8, '003', '23'),
  (18000, 9, '003', '23'),
  (18001, 9, '003', '23'),
  (18002, 9, '003', '23'),
  (18003, 9, '003', '23'),
  (18009, 8, '003', '23'),
  (18012, 9, '003', '23'),
  (18017, 14, '003', '23'),
  (18018, 9, '003', '23'),
  (18022, 9, '003', '23'),
  (18025, 9, '003', '23'),
  (18026, 9, '003', '23'),
  (18033, 9, '003', '23'),
  (18042, 9, '003', '23'),
  (18046, 8, '003', '23'),
  (18048, 9, '003', '23'),
  (18050, 14, '003', '23'),
  (18056, 9, '003', '23'),
  (18057, 14, '003', '23'),
  (18065, 9, '003', '23'),
  (18066, 9, '003', '23'),
  (18067, 9, '003', '23'),
  (18068, 9, '003', '23'),
  (18078, 14, '003', '23'),
  (18079, 9, '003', '23'),
  (19001, 15, '003', '23'),
  (19002, 15, '003', '23'),
  (19004, 15, '003', '23'),
  (19005, 15, '003', '23'),
  (19008, 15, '003', '23'),
  (19010, 15, '003', '23'),
  (19012, 15, '003', '23'),
  (19013, 15, '003', '23'),
  (19016, 15, '003', '23'),
  (19017, 15, '003', '23'),
  (19018, 15, '003', '23'),
  (19019, 15, '003', '23'),
  (19026, 11, '003', '23'),
  (19033, 15, '003', '23'),
  (19035, 11, '003', '23'),
  (19036, 15, '003', '23'),
  (19039, 15, '003', '23'),
  (19045, 15, '003', '23'),
  (19052, 15, '003', '23'),
  (19056, 11, '003', '23'),
  (19058, 15, '003', '23'),
  (19061, 15, '003', '23'),
  (20003, 17, '003', '23'),
  (20004, 17, '003', '23'),
  (20005, 17, '003', '23'),
  (20006, 17, '003', '23'),
  (20009, 12, '003', '23'),
  (20010, 17, '003', '23'),
  (20018, 17, '003', '23'),
  (20020, 17, '003', '23'),
  (20024, 17, '003', '23'),
  (20026, 17, '003', '23'),
  (20027, 17, '003', '23'),
  (20029, 17, '003', '23'),
  (20030, 17, '003', '23'),
  (20036, 17, '003', '23'),
  (20038, 17, '003', '23'),
  (20040, 17, '003', '23'),
  (20041, 12, '003', '23'),
  (20043, 17, '003', '23'),
  (20047, 12, '003', '23'),
  (20048, 17, '003', '23'),
  (20049, 17, '003', '23'),
  (20053, 17, '003', '23'),
  (20054, 17, '003', '23'),
  (20066, 17, '003', '23'),
  (20074, 2, '003', '23'),
  (21000, 23, '003', '23'),
  (21002, 18, '003', '23'),
  (21003, 23, '003', '23'),
  (21004, 4, '003', '23'),
  (21005, 23, '003', '23'),
  (21007, 23, '003', '23'),
  (21008, 23, '003', '23'),
  (21010, 3, '003', '23'),
  (21013, 15, '003', '23'),
  (21015, 23, '003', '23'),
  (21017, 31, '003', '23'),
  (21018, 23, '003', '23'),
  (21022, 23, '003', '23'),
  (21023, 23, '003', '23'),
  (21024, 23, '003', '23'),
  (21026, 23, '003', '23'),
  (22001, 31, '003', '23'),
  (22003, 31, '003', '23'),
  (22006, 24, '003', '23'),
  (22007, 31, '003', '23'),
  (22008, 20, '003', '23'),
  (22010, 24, '003', '23'),
  (22011, 16, '003', '23'),
  (22012, 31, '003', '23'),
  (22014, 28, '003', '23'),
  (22015, 31, '003', '23'),
  (22017, 28, '003', '23'),
  (22019, 31, '003', '23'),
  (22020, 28, '003', '23'),
  (22022, 24, '003', '23'),
  (22023, 28, '003', '23'),
  (22024, 28, '003', '23'),
  (22026, 31, '003', '23'),
  (22028, 20, '003', '23'),
  (22029, 24, '003', '23'),
  (22030, 31, '003', '23'),
  (22031, 31, '003', '23'),
  (22033, 28, '003', '23'),
  (22034, 31, '003', '23'),
  (22037, 31, '003', '23'),
  (22040, 20, '003', '23'),
  (22044, 28, '003', '23'),
  (22045, 31, '003', '23'),
  (22046, 28, '003', '23'),
  (22051, 31, '003', '23'),
  (22052, 31, '003', '23'),
  (22053, 28, '003', '23'),
  (22056, 31, '003', '23'),
  (22057, 24, '003', '23'),
  (22059, 28, '003', '23'),
  (22060, 24, '003', '23'),
  (23004, 11, '003', '23'),
  (23007, 20, '003', '23'),
  (23008, 31, '003', '23'),
  (23011, 31, '003', '23'),
  (23016, 24, '003', '23'),
  (23021, 31, '003', '23'),
  (23023, 24, '003', '23'),
  (23024, 20, '003', '23'),
  (23025, 31, '003', '23'),
  (23027, 31, '003', '23'),
  (23028, 31, '003', '23'),
  (23029, 31, '003', '23'),
  (23030, 24, '003', '23'),
  (23032, 31, '003', '23'),
  (23034, 31, '003', '23'),
  (23035, 24, '003', '23'),
  (23036, 31, '003', '23'),
  (23039, 31, '003', '23'),
  (23041, 31, '003', '23'),
  (23043, 31, '003', '23'),
  (23045, 31, '003', '23'),
  (23046, 20, '003', '23'),
  (23048, 24, '003', '23'),
  (23053, 31, '003', '23'),
  (23054, 31, '003', '23'),
  (23056, 31, '003', '23'),
  (24000, 26, '003', '23'),
  (24001, 26, '003', '23'),
  (24003, 26, '003', '23'),
  (24004, 17, '003', '23'),
  (24005, 26, '003', '23'),
  (24006, 14, '003', '23'),
  (24007, 17, '003', '23'),
  (24008, 17, '003', '23'),
  (24009, 32, '003', '23'),
  (24010, 17, '003', '23'),
  (24011, 14, '003', '23'),
  (24012, 14, '003', '23'),
  (24013, 26, '003', '23'),
  (24014, 14, '003', '23'),
  (24015, 31, '003', '23'),
  (24016, 26, '003', '23'),
  (24017, 26, '003', '23'),
  (24018, 26, '003', '23'),
  (24020, 26, '003', '23'),
  (24021, 26, '003', '23'),
  (24022, 26, '003', '23'),
  (24023, 31, '003', '23'),
  (24025, 26, '003', '23'),
  (24026, 26, '003', '23'),
  (24027, 31, '003', '23'),
  (24028, 32, '003', '23'),
  (24029, 17, '003', '23'),
  (24032, 14, '003', '23'),
  (24033, 32, '003', '23'),
  (24037, 26, '003', '23'),
  (24040, 26, '003', '23'),
  (24043, 32, '003', '23'),
  (24044, 26, '003', '23'),
  (24046, 14, '003', '23'),
  (24047, 1, '003', '23'),
  (24048, 26, '003', '23'),
  (25000, 16, '003', '23'),
  (25001, 21, '003', '23'),
  (25002, 21, '003', '23'),
  (25003, 31, '003', '23'),
  (25004, 33, '003', '23'),
  (25005, 21, '003', '23'),
  (25006, 21, '003', '23'),
  (25008, 29, '003', '23'),
  (25009, 16, '003', '23'),
  (25010, 21, '003', '23'),
  (25011, 31, '003', '23'),
  (25015, 31, '003', '23'),
  (25017, 21, '003', '23'),
  (25018, 29, '003', '23'),
  (25020, 16, '003', '23'),
  (25021, 31, '003', '23'),
  (25022, 31, '003', '23'),
  (25023, 16, '003', '23'),
  (25024, 33, '003', '23'),
  (25025, 16, '003', '23'),
  (25026, 31, '003', '23'),
  (25027, 31, '003', '23'),
  (25029, 16, '003', '23'),
  (25033, 33, '003', '23'),
  (25034, 27, '003', '23'),
  (25039, 16, '003', '23'),
  (25040, 25, '003', '23'),
  (25041, 31, '003', '23'),
  (26000, 30, '003', '23'),
  (26001, 30, '003', '23'),
  (26002, 33, '003', '23'),
  (26003, 19, '003', '23'),
  (26004, 22, '003', '23'),
  (26005, 19, '003', '23'),
  (26006, 30, '003', '23'),
  (26007, 19, '003', '23'),
  (26008, 19, '003', '23'),
  (26009, 19, '003', '23'),
  (26010, 30, '003', '23'),
  (26011, 33, '003', '23'),
  (26012, 22, '003', '23'),
  (26013, 22, '003', '23'),
  (26014, 19, '003', '23'),
  (26015, 19, '003', '23'),
  (26016, 33, '003', '23'),
  (26017, 30, '003', '23'),
  (26018, 30, '003', '23'),
  (26019, 19, '003', '23'),
  (26020, 30, '003', '23'),
  (26021, 30, '003', '23'),
  (26022, 30, '003', '23'),
  (26023, 33, '003', '23'),
  (26024, 22, '003', '23'),
  (26025, 19, '003', '23'),
  (26026, 27, '003', '23'),
  (26027, 33, '003', '23'),
  (26028, 22, '003', '23'),
  (26029, 22, '003', '23'),
  (26030, 19, '003', '23'),
  (26031, 30, '003', '23');

-- transporte (94 filas)
INSERT INTO `transporte` (`codigo_alumno`, `codigo_transporte`, `codigo_concepto`, `centro_costo`) VALUES
  (22051, 1, '004', '24'),
  (22052, 1, '004', '24'),
  (15018, 2, '004', '24'),
  (20049, 2, '004', '24'),
  (22022, 2, '004', '24'),
  (22029, 2, '004', '24'),
  (22030, 2, '004', '24'),
  (23035, 2, '004', '24'),
  (26015, 2, '004', '24'),
  (17007, 3, '004', '24'),
  (13102, 4, '004', '24'),
  (23029, 4, '004', '24'),
  (24026, 4, '004', '24'),
  (26023, 4, '004', '24'),
  (14096, 5, '004', '24'),
  (18000, 5, '004', '24'),
  (18001, 5, '004', '24'),
  (18002, 5, '004', '24'),
  (19012, 5, '004', '24'),
  (19013, 5, '004', '24'),
  (23023, 5, '004', '24'),
  (23039, 5, '004', '24'),
  (24007, 5, '004', '24'),
  (26001, 6, '004', '24'),
  (26002, 6, '004', '24'),
  (18079, 7, '004', '24'),
  (19002, 7, '004', '24'),
  (23024, 7, '004', '24'),
  (24014, 7, '004', '24'),
  (24018, 7, '004', '24'),
  (25022, 7, '004', '24'),
  (25027, 7, '004', '24'),
  (26013, 7, '004', '24'),
  (26016, 7, '004', '24'),
  (15058, 8, '004', '24'),
  (14089, 8, '004', '24'),
  (18003, 8, '004', '24'),
  (21024, 8, '004', '24'),
  (22017, 8, '004', '24'),
  (22056, 8, '004', '24'),
  (25008, 8, '004', '24'),
  (26017, 8, '004', '24'),
  (26021, 8, '004', '24'),
  (23043, 9, '004', '24'),
  (13071, 9, '004', '24'),
  (15011, 9, '004', '24'),
  (15061, 9, '004', '24'),
  (16008, 9, '004', '24'),
  (16014, 9, '004', '24'),
  (16018, 9, '004', '24'),
  (16054, 9, '004', '24'),
  (17046, 9, '004', '24'),
  (17063, 9, '004', '24'),
  (18048, 9, '004', '24'),
  (19001, 9, '004', '24'),
  (19005, 9, '004', '24'),
  (19016, 9, '004', '24'),
  (19033, 9, '004', '24'),
  (19036, 9, '004', '24'),
  (19045, 9, '004', '24'),
  (19052, 9, '004', '24'),
  (19058, 9, '004', '24'),
  (21005, 9, '004', '24'),
  (21013, 9, '004', '24'),
  (22011, 9, '004', '24'),
  (22012, 9, '004', '24'),
  (22024, 9, '004', '24'),
  (22037, 9, '004', '24'),
  (23011, 9, '004', '24'),
  (23027, 9, '004', '24'),
  (23028, 9, '004', '24'),
  (23046, 9, '004', '24'),
  (24000, 9, '004', '24'),
  (24047, 9, '004', '24'),
  (25000, 9, '004', '24'),
  (25015, 9, '004', '24'),
  (25018, 9, '004', '24'),
  (25033, 9, '004', '24'),
  (25034, 9, '004', '24'),
  (20054, 10, '004', '24'),
  (26030, 11, '004', '24'),
  (16028, 11, '004', '24'),
  (16039, 11, '004', '24'),
  (16069, 11, '004', '24'),
  (17027, 11, '004', '24'),
  (18018, 11, '004', '24'),
  (20027, 11, '004', '24'),
  (20036, 11, '004', '24'),
  (21008, 11, '004', '24'),
  (24015, 11, '004', '24'),
  (26014, 11, '004', '24'),
  (24040, 12, '004', '24'),
  (20043, 13, '004', '24'),
  (22031, 13, '004', '24');

-- nivelacion (1 filas)
INSERT INTO `nivelacion` (`codigo_alumno`, `codigo_nivelacion`, `codigo_concepto`, `centro_costo`) VALUES
  (0, 0, '012', '27');

-- listado_transporte (95 filas)
INSERT INTO `listado_transporte` (`codigo_alumno`, `direccion`, `barrio`, `telefono`, `acudiente`, `clase_ruta`, `ruta`) VALUES
  (24014, 'CRA 23 # 2-54', 'EL VERGEL', '3143125280', 'MARTHA HERNANDEZ', 'COMPLETA', '6'),
  (16054, 'CRA 69F BIS # 1-15', 'CENTRO AMERICAS', '3106367617', 'JORGE DAVID CARDOZA', 'COMPLETA', '1'),
  (26002, 'CARRERA 43 B # 4 - 51', 'NUEVA PRIMAVERA', '3208541092', 'EDWIN SILVA', 'COMPLETA', '2'),
  (23046, 'CRA 69D  # 1 -  60 SUR', 'HIPOTECHO OCCIDENTAL', '3115896448', 'ANALA LUCIA USMA', 'COMPLETA', '2'),
  (18000, 'DIAG 22C # 28 - 78', 'USATAMA', '3164231643', 'ISAURA CASTAÑO', 'MEDIA 2:30 P.M.', '3'),
  (26001, 'CARRERA 43 B # 4 - 51', 'NUEVA PRIMAVERA', '3208541092', 'EDWIN SILVA', 'COMPLETA', '2'),
  (23023, 'DIAG 22C # 28 - 78', 'USATAMA', '3164231643', 'ISAURA CASTAÑO', 'MEDIA 2:30 P.M.', '3'),
  (21013, 'CALLE 36H SUR # 2-32 ESTE', 'ATENAS', '3114566697', 'YEIMY MILENA JIMENEZ', 'COMPLETA', '6'),
  (18048, 'CRA 5A # 5B-18 SUR', 'VILLA JAVIER', '3107525938', 'MARCELA BELLO GIRALDO', 'COMPLETA', '6'),
  (18001, 'DIAG 22C # 28 - 78', 'USATAMA', '3164231643', 'ISAURA CASTAÑO', 'MEDIA 2:30 P.M.', '3'),
  (25008, 'CALLE 6 SUR # 19 - 61', 'SAN ANTONIO', '3204732118', 'BERTILDA CASTILLO', 'COMPLETA', '6'),
  (18002, 'DIAG 22C # 28 - 78', 'USATAMA', '3164231643', 'ISAURA CASTAÑO', 'MEDIA 2:30 P.M.', '3'),
  (15061, 'CRA 8 # 1A - 52 SUR', 'CALVO SUR', '3138632452', 'LILIANA CLAVIJO', 'COMPLETA', '6'),
  (19013, 'CARRERA 74A # 42G  58 SUR T 11 APTO 231', 'LAGO TIMIZA', '3015274762', 'DIDIANA MILLAN', 'MEDIA 2:30 P.M.', '4'),
  (21005, 'CRA 18B # 5C-17', 'LA ESTANZUELA', '3103028465', 'MIGUEL HUMBERTO TORO SIERRA', 'COMPLETA', '6'),
  (24000, 'CRA 12 BIS # 34C-17 SUR', 'PIJAOS', '3133951485', 'JESUS ARIAS ARIAS', 'COMPLETA', '6'),
  (20049, 'CRA 12 # 8-72 SUR', 'CIUDAD BERNA  SUR', '3209090073', 'MAURICIO BARON BRAVO', 'MEDIA 2:30 P.M.', '6'),
  (13071, 'CRA 69F BIS # 1-15', 'CENTRO AMERICAS', '3158754257', 'OSCAR AREVALO MARTINEZ', 'COMPLETA', '1'),
  (15018, 'CRA 53F # 4B-65', 'COLON- PUENTE ARANDA', '3103340059', 'LINA VARGAS', 'MEDIA 2:30 P.M.', '2'),
  (16069, 'CRA 94A # 6C-59  T2 APTO 602', 'TINTAL II ETAPA 8', '3144256100', 'HECTOR ORTEGON', 'COMPLETA', '1'),
  (25015, 'CALLE 55 SUR # 33A-42', 'SAN VICENTE FERRERA', '3103156484', 'VIVIANA ALBARRACIN', 'COMPLETA', '4'),
  (23011, 'CALLE 1 # 78L-12  APTO 401 BLOQ H2', 'BANDERAS', '3103219804', 'JOSE WILLIAM CHACON GAITAN', 'COMPLETA', '1'),
  (19033, 'CRA 77 # 38B - 57 SUR', 'KENEDY CENTRAL', '3143617196', 'OSCAR CASTILLO', 'COMPLETA', '1'),
  (17007, 'CALLE 15 # 47 - 56', 'PUENTE ARANDA', '3102535883', 'SANDRA MARIÑO', 'MEDIA 2:30 P.M.', '2'),
  (23024, 'CRA 36 # 1F-10', 'SANTAMATILDE', '3124788378', 'JIMENA MEDINA', 'COMPLETA', '3'),
  (22011, 'CALLE 3 SUR # 69A-91', 'PLAZA DE LAS AMERICAS', '3107528303', 'DAVID MALAGON', 'COMPLETA', '1'),
  (22024, 'CRA 73B BIS # 35C - 77 SUR', 'KENEDY CENTRAL', '3183082509', 'EDWIN AVILA', 'COMPLETA', '1'),
  (23027, 'CALLE 37 SUR # 30 - 33', 'VILLA MAYOR', '3208379574', 'LADY ABELLO', 'COMPLETA', '4'),
  (26014, 'CALLE 49 SUR # 29 - 73', 'SAN MORENO', '3142110317', 'INGRY RAMIREZ', 'COMPLETA', '4'),
  (22029, 'CRA 14 B #  4-30 SUR', 'SAN ANTONIO', '3115700687', 'PAULA ANDREA PRADA', 'MEDIA 2:30 P.M.', '6'),
  (20043, 'CALLE 19A BIS 116 81', 'FONTIBON', '3114510508', 'YENNY PAOLA ORTEGON', 'COMPLETA', '2'),
  (19001, 'AV 68 # 5-75  T3 APTO 717', 'LA IGUALDAD', '3115361440', 'LUZ DARY HERRERA ORTEGON', 'COMPLETA', '2'),
  (14089, 'CRA 34F # 30 - 51 SUR', 'SAN JORGE CENTRAL', '3152112108', 'GLORIA GUZMÁN', 'COMPLETA', '4'),
  (19045, 'CALLE 48 SUR # 29-63', 'CLARET', '3144791870', 'LUZ MELIDA PERALTA', 'COMPLETA', '4'),
  (19052, 'CALLE 28 SUR # 37-10', 'LOS SAUCES', '3233117243', 'MARTHA LILIANA BARRERA PARRA', 'COMPLETA', '1'),
  (21024, 'CRA 41A # 4C - 60  PISO 3', 'PRIMAVERA', '3117833756', 'GUILLERMO ALFONSO RIVEROS', 'COMPLETA', '3'),
  (18018, 'CRA 68D # 40 SUR - 53', 'SAN ANDRES', '3107549297', 'ROBINSON QUINTERO', 'COMPLETA', '4'),
  (20054, 'CRA 10 # 17-25 SUR', 'CIUDAD JARDIN SUR', '3142562379', 'ESNEDA CALDERON', 'MEDIA 2:30 P.M.', '6'),
  (16014, 'CALLE 8A BIS  # 80-63  T 1 APTO 902', 'MIRADOR DE SAN ESTEBAN', '3102687095', 'GINA JUDITH RAMIREZ FANDIÑO', 'COMPLETA', '1'),
  (23039, 'TRANSV  22A # 46A-81 SUR', 'TUNAL ANTIGUO', '3022605900', 'STEPHANNY BARRERA VARGAS', 'MEDIA AM', '4'),
  (19016, 'CALLE 36H SUR # 2-32 ESTE', 'ATENAS', '3114566697', 'YEIMY MILENA JIMENEZ', 'COMPLETA', '6'),
  (17027, 'CRA 89 # 19A-49', 'HAYUELOS- PRADO GRANDE 1', '3108780365', 'YANETH CORREDOR', 'COMPLETA', '2'),
  (17046, 'CRA 69F BIS # 1-15', 'CENTRO AMERICAS', '3158754257', 'OSCAR AREVALO MARTINEZ', 'COMPLETA', '1'),
  (19058, 'CALLE 10 # 80-41', 'CASTILLA', '3132822318', 'ADRIANA TABORDA', 'COMPLETA', '1'),
  (18003, 'CRA 40 # 60-12  T1 APTO 403', 'PRIMAVERA', '3005614133', 'ZULY CARRILLO', 'COMPLETA', '3'),
  (14096, 'CALLE 59 SUR # 66 54 APTO 204', 'MADELENA', '3135541086', 'FRANCY FORERO', 'MEDIA AM', '4'),
  (22030, 'CALLE 3 # 20A-75', 'MIRADOR DE SANTA ISABEL', '3115912855', 'LAURA KATERINE MURILLO MONTAÑA', 'MEDIA 2:30 P.M.', '3'),
  (25018, 'CALLE 52F SUR # 24 - 50', 'TUNAL', '3102706639', 'GLORIA HERRERA', 'COMPLETA', '4'),
  (22017, 'CRA 40 # 60-12  T1 APTO 403', 'PRIMAVERA', '3005614133', 'ZULY CARRILLO', 'COMPLETA', '3'),
  (22031, 'CRA 96C # 16 - 61', 'FONTIBON', '3214109022', 'LINA RINCÓN', 'COMPLETA', '2'),
  (17063, 'CRA 11B # 334 a-SUR', 'PIJAOS', '3219838303', 'DIANA MARCELA SALAMANCA', 'COMPLETA', '6'),
  (23029, 'CRA 68C # 9A - 38 SUR', 'VILLA CLAUDIA', '3046398292', 'ELSY GRANADOS', 'MEDIA PM', '1'),
  (23028, 'CALLE 37 SUR # 30 - 33', 'VILLA MAYOR', '3208379574', 'LADY ABELLO', 'COMPLETA', '4'),
  (21008, 'CALLE 8A # 92-72  CASA 239', 'CIUDAD TINTAL', '3002463588', 'MARTHA LOMBANA', 'COMPLETA', '1'),
  (24015, 'CALLE 9BIS SUR # 8 - 49 ESTE', 'VITELMA', '3114864229', 'ANGYE PEREZ', 'COMPLETA', '6'),
  (24018, 'CRA 20 # 4A-75 EN LA TARDE AV- CALLE 3 No 23 A - 16', 'EL VERGEL', '3135987747', 'JULIE ANDREA GOMEZ BALCAZAR', 'COMPLETA', '6'),
  (25000, 'CALLE 3 SUR # 69A-91', 'PLAZA DE LAS AMERICAS', '3107528303', 'DAVID MALAGON', 'COMPLETA', '1'),
  (24047, 'TRANSV 77 # 7A - 16 CASA 30', 'CASTILLA', '3013413149', 'YANIBET SANCHEZ VELASQUEZ', 'COMPLETA', '1'),
  (15011, 'CRA 22 # 18 - 66 APTO 525', 'PALOQUEMADO', '3202334541', 'SHIRLEY RAMIREZ CAMPO', 'COMPLETA', '3'),
  (24040, 'CALLE 13 SUR # 56-17', 'MILENTA', '3123677264', 'CAMILA SUAREZ', 'COMPLETA', '2'),
  (26015, 'CRA 29 B # 18A - 20 SUR', 'SANTANDER', '3108834623', 'GABRIELA BUITRAGO', 'MEDIA 2:30 P.M.', '4'),
  (26016, 'CALLE 5A # 22 A - 66', 'SANTA ISABEL', '3173349876', 'KENYA PERDOMO', 'COMPLETA', '3'),
  (26013, 'CALLE 1H # 31 - 06 PISO 2', 'SANTA ISABEL', '3153021799', 'MARIA ROJAS', 'COMPLETA', '3'),
  (18079, 'CRA 40 #  6 -  12', 'PRIMAVERA', '3214600475', 'ANA MILENA ROMERO INFANTE', 'MEDIA 2:30 P.M.', '3'),
  (25034, 'CALLE 35 SUR # 78L -41', 'KENEDY CENTRAL', '3165232718', 'PEDRO SIATOBA', 'COMPLETA', '1'),
  (13102, 'CALLE 12C # 71C-61', 'VILLA ALSACIA', '3102563661', 'RIGOBERTO HERNANDEZ', 'MEDIA AM', '2'),
  (19036, 'CRA 22 # 18 - 66 APTO 525', 'PALOQUEMADO', '3202334541', 'SHIRLEY RAMIREZ CAMPO', 'COMPLETA', '3'),
  (22012, 'AV. CALLE 6 # 68 - 45', 'LA IGUALDAD', '3115137133', 'SERGIO ARIAS', 'COMPLETA', '2'),
  (19002, 'CRA 23 No 2-54', 'EL VERGEL', '3143125280', 'MARTHA HERNANDEZ', 'COMPLETA', '6'),
  (19005, 'AV. CALLE 6 # 68 - 45', 'LA IGUALDAD', '3115137133', 'SERGIO ARIAS', 'COMPLETA', '2'),
  (20036, 'CRA 20 # 66 - 42 SUR', 'SAN FRANCISCO', '3203397412', 'LUZ VALDERRAMA', 'COMPLETA', '4'),
  (19012, 'CRA 74A # 42G -58 SUR', 'LAGO TIMIZA', '3112107793', 'JOHAN VELOZA', 'MEDIA 2:30 P.M.', '4'),
  (16028, 'CRA 1A ESTE # 43B-58 SUR', 'SAN MARTIN', '3224514173', 'RODRIGO OVALLE GOMEZ', 'COMPLETA', '6'),
  (22022, 'CRA 12C # 18 - 62 SUR', 'CIUDAD JARDIN SUR', '3208670589', 'LORENA MOSQUERA', 'MEDIA 2:30 P.M.', '6'),
  (23035, 'CRA 53F # 4B-65', 'COLON- PUENTE ARANDA', '3103340059', 'LINA VARGAS', 'MEDIA 2:30 P.M.', '2'),
  (22051, 'CALLE 5C # 27B-31', 'SANTA ISABEL', '3107865968', 'LUZ MARITZA MELO ROJAS', 'MEDIA 2:30 P.M.', '6'),
  (22052, 'CALLE 5C # 27B-31', 'SANTA ISABEL', '3107865968', 'LUZ MARITZA MELO ROJAS', 'MEDIA 2:30 P.M.', '6'),
  (24007, 'CRA 74A # 42G - 58 SUR', 'LAGO TIMIZA', '3112107793', 'JOHAN VELOZA', 'MEDIA 2:30 P.M.', '4'),
  (16039, 'CRA 68D # 40-53 SUR  T.2 APTO 106', 'LAS DELICIAS', '3123466816', 'ALEXANDRA VARGAS', 'COMPLETA', '4'),
  (25027, 'CALLE 17 SUR # 30 - 51', 'LA FRAGUA', '3187079588', 'OLGA RAMIREZ', 'COMPLETA', '4'),
  (24026, 'DIAG 5G # 45 - 48', 'LA FRANCIA', '3208079765', 'ANGELICA JOHAN GARZON RINCON', 'MEDIA AM', '3'),
  (20027, 'CALLE 59 SUR # 52 - 24', 'MADELENA', '3124656361', 'AURA SEPULVEDA', 'COMPLETA', '4'),
  (16008, 'CALLE 49A SUR # 36 - 76', 'FATIMA', '3142110317', 'INGRI RAMIREZ', 'COMPLETA', '4'),
  (26017, 'CRA 18 # 3 SUR - 34', 'SAN ANTONIO', '3112434991', 'YULIETH CALDERON', 'COMPLETA', '6'),
  (26021, 'CALLE 34 SUR # 52C - 30', 'TEJAR', '3102043463', 'KAREN BUITRAGO', 'COMPLETA', '1'),
  (26023, 'CALLE 35C SUR # 1A - 66', 'VILLA DE LOS ALPES', '3004200639', 'LESLY DELGADO', 'MEDIA A.M.', '6'),
  (26028, 'CRA 35 # 9 - 26 SUR', 'SANTA MATILDE', '3023898685', 'MELANY BARRERA', 'COMPLETA', '2'),
  (26030, 'CALLE BIS SUR 71B - 24', 'OLARTE', '3182637897', 'STEFANIA RODRIGUEZ', 'COMPLETA', '4'),
  (16018, 'CRA 78C # 41A - 05 SUR', 'KENEDY CENTRAL', '3112651205', 'ANDREA RIVERA', 'COMPLETA', '1'),
  (25033, 'CALLE 23 BIS # 28 - 20', 'USATAMA', '3160501585', 'JORGE DELGADO', 'COMPLETA', '3'),
  (22056, 'CRA 40 # 6 - 12 T 5 APTO 402', 'PRIMAVERA', '3115414710', 'ANDREA CACERES', 'COMPLETA', '3'),
  (22037, 'DG 52 SUR # 29 - 81', 'EL CARMEN', '3202332235', 'WILSON SOSA', 'COMPLETA', '4'),
  (23043, 'CALLE 37 G SUR # 68F - 65', 'ALQUERIA LA FRAGUA', '3138490210', 'WILSON BUSTOS', 'COMPLETA', '4'),
  (25022, 'CALLE 12A SUR 29D - 14', 'SANTA ISABEL', '3212766148', 'SINDY ORTIZ', 'COMPLETA', '3'),
  (15058, 'DIAG 16 SUR # 40 - 26', 'CIUDAD MONTES', '3193786568', 'MARCELA TRUJILLO', 'CMPLETA', '2');

-- observaciones_contables (65 filas)
INSERT INTO `observaciones_contables` (`codigo_alumno`, `observacion`) VALUES
  (13071, 'NC. DESCUENTO POR HNO COD 17046 
NC. DESCUENTO 5% PAGO ANTICIPADO.'),
  (14081, 'NC. DESCUENTO DEL 5% PAGO ANTICIPADO'),
  (15011, 'NC. DESCUENTO POR HNO COD 19036'),
  (15018, 'NC. DESCUENTO POR HNO COD 23035'),
  (15032, 'NO TOMA POLIZAS'),
  (16008, 'NC. DESCUENTO POR HNO COD 26014'),
  (16009, 'NC. DESCUENTO POR HNO COD 20006'),
  (16010, 'NC. DESCUENTO POR HNO COD 17029'),
  (16015, 'NC. DESCUENTO POR HNO COD 20024'),
  (16025, 'NC. DESCUENTO POR HNO COD 21000'),
  (16033, 'NO POLIZA'),
  (16054, 'NC. DESCUENTO POR HNO COD 12069'),
  (16058, 'NC. DESCUENTO POR HNO COD 24017'),
  (17001, 'NC. SE REALIZA NC. SE LE FACTURO COMPLETO 
ESTUDIANTE CON MEDIA BECA'),
  (17011, 'NC. DESCUESNTO POR HNO COD 17010'),
  (17032, 'NC. DESCUENTO POR HNO COD 22046'),
  (17036, 'NC. DESCUENTO POR HNO COD 22028'),
  (17043, 'NO POLIZA'),
  (17046, 'NC. DESCUENTO DEL 5% PAGO ANTICIPADO'),
  (18002, 'NC. DESCUENTO POR HNO COD 18000'),
  (18003, 'NC. DESCUENTO POR HNO COD 22017'),
  (18042, 'NC. DESCUENTO POR HNO COD 18057'),
  (19004, 'NC. DESCUENTO POR HNO COD 21010'),
  (19005, 'NC. DESCUENTO POR HNO COD 22012'),
  (19008, 'NO POLIZA
NC. EN PENSION REFERIDO COD. 26003'),
  (19012, 'NC. DESCUENTO POR HNO COD 19012'),
  (19016, 'NC. DESCUENTO POR HNO COD 21013'),
  (19017, 'NC. DESCUENTO POR HNO COD 23021'),
  (20004, 'NC. $202.600 ERROR EN LA FATURACIÓN DE UNIFORMES'),
  (20008, 'beca complea mario alberto zuñiga'),
  (20009, 'NO POLIZA'),
  (20010, 'NC. DESCUENTO POR HNO COD 26025'),
  (20047, 'NO POLIZA'),
  (21004, 'media beca - no toma poliza'),
  (21018, 'NC. DESCUENTO POR HNO COD 21017'),
  (21023, 'NC. DESCUENTO POR HNO COD 21022'),
  (22001, 'NO POLIZA'),
  (22015, 'NC. DESCUENTO DEL 50% PENSION FEB REFERENCIA AL COD 26024'),
  (22033, 'NO POLIZA'),
  (22044, 'NO POLIZA'),
  (22051, 'NC. DESCUENTO POR HNO COD 22052'),
  (23028, 'NC. DESCUENTO POR HNO COD 23027'),
  (24001, 'NC. DESCUENTO DEL 5% PAGO ANTICIPADO'),
  (24006, 'NC. DESCUENTO POR HNO COD 23007'),
  (24008, 'NC. DESCUENTO POR HNO COD 20018'),
  (24022, 'NC. DESCUENTO POR HNO COD 23025'),
  (25000, 'NC. DESCUENTO POR HNO COD 22011'),
  (25001, 'NC. DESCUENTO POR HNO COD 22003'),
  (25005, 'NC. DESCUENTO POR HNO COD 25005'),
  (25006, 'NC. DESCUENTO POR HNO COD 21003'),
  (25021, 'NC. DESCUENTO POR HNO COD 26027
TRASLADO DEUDA SALDO AÑO 2025'),
  (25029, 'NC. DESCUENTO POR HNO COD 20029'),
  (26000, 'pago del 13/02 se encontraba en desconocidos con feha del 29/01'),
  (26005, 'NC. DESCUENTO POR HNO COD 22045'),
  (26007, 'NC. DESCUENTO POR HNO COD 22019'),
  (26008, 'NC. DESCUENTO POR HNO COD 24009'),
  (26017, 'LOS PAGO DEL 27/01/26 SE ENCONTRABA EN DESCONOCIDOS CON FECHA DEL 17/12/2025'),
  (26019, 'NC. DESCUENTO POR HNO COD 25024'),
  (26021, 'PAGO DEL 27/01/26 SE ENCONTRABA EN DESCONOCIDOS CON FECHA DEL 05/12/2025'),
  (26022, 'PAGO DEL 28/01/2026 SE ENCONTRABA EN DESCONOCIDOS SE RECONOCE 13/02/2026'),
  (26023, 'NC. EN MATRICULA, COMPRA DE FORMULARIO'),
  (22045, 'LOS PAGOS DEL 5/3 SON PAGOS RECONOCIDOS DEL 5/12/2025'),
  (26028, 'el pago del 11/2 no estaba relacionado, se ingreso el 6/3'),
  (25040, 'TIENE ACUERDO DE PAGO 9 CUOTAS DE $1,458,789 LOS 30 DE CADA MES'),
  (21022, 'nc. Descuento por referrido cod 26010');

SET FOREIGN_KEY_CHECKS=1;