-- ================================================
-- IMPORTACION TABLAS CONTABLES CBI 2026 (v2)
-- Generado: 2026-04-06 11:17:10
-- ================================================
SET NAMES utf8mb4;
SET FOREIGN_KEY_CHECKS=0;

-- centro_costos (7 filas)
INSERT INTO `centro_costos` (`codigo_centro_costos`, `nombre_centro_costos`) VALUES
  ('21', 'Matrícula'),
  ('22', 'Bibliobanco'),
  ('23', 'Pensión'),
  ('24', 'Transporte'),
  ('25', 'Alimentación'),
  ('26', 'Cafetería'),
  ('27', 'Otros Ingresos');

-- conceptos (25 filas)
INSERT INTO `conceptos` (`codigo_concepto`, `concepto`, `centro_costos`) VALUES
  ('001', 'MATRÍCULA', '21'),
  ('002', 'BIBLIOBANCO', '22'),
  ('003', 'PENSIÓN', '23'),
  ('004', 'TRANSPORTE ESCOLAR', '24'),
  ('005', 'ALMUERZO', '25'),
  ('006', 'REFRIGERIO', '25'),
  ('007', 'UNIFORMES', '27'),
  ('008', 'FORMULARIOS', '27'),
  ('009', 'CERTIFICADOS', '27'),
  ('010', 'DERECHOS DE GRADO', '27'),
  ('011', 'SALIDAS PEDAGÓGICAS', '27'),
  ('012', 'NIVELACIÓN Y/O ASESORÍA DE TAREAS', '27'),
  ('013', 'CARNET', '21'),
  ('014', 'ESCUDO', '21'),
  ('023', 'AJUSTE', '23'),
  ('024', 'APLICACIÓN PRUEBA INGLES', '27'),
  ('015', 'MATRÍCULA EXTEMPORÁNEA', '21'),
  ('019', 'BOLETAS', '27'),
  ('020', 'REPOSICIÓN LIBROS BIBLIOBANCO', '22'),
  ('022', 'PRUEBAS SABER 11', '27'),
  ('021', 'SERVICIOS FINANCIEROS', '27'),
  ('016', 'AGENDA', '21'),
  ('017', 'TEXTOS ESCOLARES', '27'),
  ('018', 'ESTUDIOS FOTOGRÁFICOS', '27'),
  ('025', 'DESCUENTO', NULL);

-- costo_pension (33 filas)
INSERT INTO `costo_pension` (`codigo_valor_pension`, `valor`) VALUES
  ('1', 187400.0000),
  ('2', 192800.0000),
  ('3', 314250.0000),
  ('4', 323000.0000),
  ('5', 474600.0000),
  ('6', 479300.0000),
  ('7', 486200.0000),
  ('8', 493500.0000),
  ('9', 497800.0000),
  ('10', 509800.0000),
  ('11', 590400.0000),
  ('12', 596900.0000),
  ('13', 600200.0000),
  ('14', 610000.0000),
  ('15', 628500.0000),
  ('16', 631800.0000),
  ('17', 641600.0000),
  ('18', 646000.0000),
  ('19', 650000.0000),
  ('20', 653600.0000),
  ('21', 659000.0000),
  ('22', 660000.0000),
  ('23', 670200.0000),
  ('24', 686800.0000),
  ('25', 693000.0000),
  ('26', 697200.0000),
  ('27', 708000.0000),
  ('28', 726600.0000),
  ('29', 746200.0000),
  ('30', 755000.0000),
  ('31', 756000.0000),
  ('32', 766900.0000),
  ('33', 777000.0000);

-- costo_transporte (13 filas)
INSERT INTO `costo_transporte` (`codigo_transporte`, `costo`) VALUES
  ('1', 212500.0000),
  ('2', 223400.0000),
  ('3', 234500.0000),
  ('4', 234600.0000),
  ('5', 258300.0000),
  ('6', 325500.0000),
  ('7', 381400.0000),
  ('8', 397800.0000),
  ('9', 419500.0000),
  ('10', 435700.0000),
  ('11', 441300.0000),
  ('12', 457700.0000),
  ('13', 468600.0000);

-- pension (311 filas)
INSERT INTO `pension` (`codigo_alumno`, `codigo_valor_pension`, `codigo_concepto`, `centro_costos`, `anio`) VALUES
  (12069, '7', '003', '23', 2026),
  (13010, '5', '003', '23', 2026),
  (13052, '5', '003', '23', 2026),
  (13071, '5', '003', '23', 2026),
  (13102, '5', '003', '23', 2026),
  (14073, '5', '003', '23', 2026),
  (14081, '5', '003', '23', 2026),
  (14089, '5', '003', '23', 2026),
  (14096, '5', '003', '23', 2026),
  (14098, '7', '003', '23', 2026),
  (15003, '6', '003', '23', 2026),
  (15011, '6', '003', '23', 2026),
  (15016, '6', '003', '23', 2026),
  (15018, '6', '003', '23', 2026),
  (15032, '10', '003', '23', 2026),
  (15039, '6', '003', '23', 2026),
  (15040, '6', '003', '23', 2026),
  (15043, '10', '003', '23', 2026),
  (15058, '6', '003', '23', 2026),
  (15061, '6', '003', '23', 2026),
  (15063, '6', '003', '23', 2026),
  (16003, '6', '003', '23', 2026),
  (16007, '6', '003', '23', 2026),
  (16008, '6', '003', '23', 2026),
  (16009, '6', '003', '23', 2026),
  (16010, '6', '003', '23', 2026),
  (16014, '6', '003', '23', 2026),
  (16015, '6', '003', '23', 2026),
  (16017, '6', '003', '23', 2026),
  (16018, '6', '003', '23', 2026),
  (16019, '6', '003', '23', 2026),
  (16025, '6', '003', '23', 2026),
  (16027, '6', '003', '23', 2026),
  (16028, '6', '003', '23', 2026),
  (16033, '6', '003', '23', 2026),
  (16037, '6', '003', '23', 2026),
  (16039, '6', '003', '23', 2026),
  (16048, '6', '003', '23', 2026),
  (16054, '6', '003', '23', 2026),
  (16055, '6', '003', '23', 2026),
  (16058, '6', '003', '23', 2026),
  (16069, '6', '003', '23', 2026),
  (17000, '8', '003', '23', 2026),
  (17001, '8', '003', '23', 2026),
  (17005, '8', '003', '23', 2026),
  (17006, '8', '003', '23', 2026),
  (17007, '8', '003', '23', 2026),
  (17010, '8', '003', '23', 2026),
  (17011, '8', '003', '23', 2026),
  (17020, '8', '003', '23', 2026),
  (17024, '8', '003', '23', 2026),
  (17027, '8', '003', '23', 2026),
  (17029, '13', '003', '23', 2026),
  (17032, '8', '003', '23', 2026),
  (17033, '13', '003', '23', 2026),
  (17035, '8', '003', '23', 2026),
  (17036, '8', '003', '23', 2026),
  (17038, '8', '003', '23', 2026),
  (17039, '8', '003', '23', 2026),
  (17042, '8', '003', '23', 2026),
  (17043, '8', '003', '23', 2026),
  (17046, '8', '003', '23', 2026),
  (17048, '8', '003', '23', 2026),
  (17055, '13', '003', '23', 2026),
  (17059, '13', '003', '23', 2026),
  (17060, '8', '003', '23', 2026),
  (17063, '8', '003', '23', 2026),
  (18000, '9', '003', '23', 2026),
  (18001, '9', '003', '23', 2026),
  (18002, '9', '003', '23', 2026),
  (18003, '9', '003', '23', 2026),
  (18009, '8', '003', '23', 2026),
  (18012, '9', '003', '23', 2026),
  (18017, '14', '003', '23', 2026),
  (18018, '9', '003', '23', 2026),
  (18022, '9', '003', '23', 2026),
  (18025, '9', '003', '23', 2026),
  (18026, '9', '003', '23', 2026),
  (18033, '9', '003', '23', 2026),
  (18042, '9', '003', '23', 2026),
  (18046, '8', '003', '23', 2026),
  (18048, '9', '003', '23', 2026),
  (18050, '14', '003', '23', 2026),
  (18056, '9', '003', '23', 2026),
  (18057, '14', '003', '23', 2026),
  (18065, '9', '003', '23', 2026),
  (18066, '9', '003', '23', 2026),
  (18067, '9', '003', '23', 2026),
  (18068, '9', '003', '23', 2026),
  (18078, '14', '003', '23', 2026),
  (18079, '9', '003', '23', 2026),
  (19001, '15', '003', '23', 2026),
  (19002, '15', '003', '23', 2026),
  (19004, '15', '003', '23', 2026),
  (19005, '15', '003', '23', 2026),
  (19008, '15', '003', '23', 2026),
  (19010, '15', '003', '23', 2026),
  (19012, '15', '003', '23', 2026),
  (19013, '15', '003', '23', 2026),
  (19016, '15', '003', '23', 2026),
  (19017, '15', '003', '23', 2026),
  (19018, '15', '003', '23', 2026),
  (19019, '15', '003', '23', 2026),
  (19026, '11', '003', '23', 2026),
  (19033, '15', '003', '23', 2026),
  (19035, '11', '003', '23', 2026),
  (19036, '15', '003', '23', 2026),
  (19039, '15', '003', '23', 2026),
  (19045, '15', '003', '23', 2026),
  (19052, '15', '003', '23', 2026),
  (19056, '11', '003', '23', 2026),
  (19058, '15', '003', '23', 2026),
  (19061, '15', '003', '23', 2026),
  (20003, '17', '003', '23', 2026),
  (20004, '17', '003', '23', 2026),
  (20005, '17', '003', '23', 2026),
  (20006, '17', '003', '23', 2026),
  (20009, '12', '003', '23', 2026),
  (20010, '17', '003', '23', 2026),
  (20018, '17', '003', '23', 2026),
  (20020, '17', '003', '23', 2026),
  (20024, '17', '003', '23', 2026),
  (20026, '17', '003', '23', 2026),
  (20027, '17', '003', '23', 2026),
  (20029, '17', '003', '23', 2026),
  (20030, '17', '003', '23', 2026),
  (20036, '17', '003', '23', 2026),
  (20038, '17', '003', '23', 2026),
  (20040, '17', '003', '23', 2026),
  (20041, '12', '003', '23', 2026),
  (20043, '17', '003', '23', 2026),
  (20047, '12', '003', '23', 2026),
  (20048, '17', '003', '23', 2026),
  (20049, '17', '003', '23', 2026),
  (20053, '17', '003', '23', 2026),
  (20054, '17', '003', '23', 2026),
  (20066, '17', '003', '23', 2026),
  (20074, '2', '003', '23', 2026),
  (21000, '23', '003', '23', 2026),
  (21002, '18', '003', '23', 2026),
  (21003, '23', '003', '23', 2026),
  (21004, '4', '003', '23', 2026),
  (21005, '23', '003', '23', 2026),
  (21007, '23', '003', '23', 2026),
  (21008, '23', '003', '23', 2026),
  (21010, '3', '003', '23', 2026),
  (21013, '15', '003', '23', 2026),
  (21015, '23', '003', '23', 2026),
  (21017, '31', '003', '23', 2026),
  (21018, '23', '003', '23', 2026),
  (21022, '23', '003', '23', 2026),
  (21023, '23', '003', '23', 2026),
  (21024, '23', '003', '23', 2026),
  (21026, '23', '003', '23', 2026),
  (22001, '31', '003', '23', 2026),
  (22003, '31', '003', '23', 2026),
  (22006, '24', '003', '23', 2026),
  (22007, '31', '003', '23', 2026),
  (22008, '20', '003', '23', 2026),
  (22010, '24', '003', '23', 2026),
  (22011, '16', '003', '23', 2026),
  (22012, '31', '003', '23', 2026),
  (22014, '28', '003', '23', 2026),
  (22015, '31', '003', '23', 2026),
  (22017, '28', '003', '23', 2026),
  (22019, '31', '003', '23', 2026),
  (22020, '28', '003', '23', 2026),
  (22022, '24', '003', '23', 2026),
  (22023, '28', '003', '23', 2026),
  (22024, '28', '003', '23', 2026),
  (22026, '31', '003', '23', 2026),
  (22028, '20', '003', '23', 2026),
  (22029, '24', '003', '23', 2026),
  (22030, '31', '003', '23', 2026),
  (22031, '31', '003', '23', 2026),
  (22033, '28', '003', '23', 2026),
  (22034, '31', '003', '23', 2026),
  (22037, '31', '003', '23', 2026),
  (22040, '20', '003', '23', 2026),
  (22044, '28', '003', '23', 2026),
  (22045, '31', '003', '23', 2026),
  (22046, '28', '003', '23', 2026),
  (22051, '31', '003', '23', 2026),
  (22052, '31', '003', '23', 2026),
  (22053, '28', '003', '23', 2026),
  (22056, '31', '003', '23', 2026),
  (22057, '24', '003', '23', 2026),
  (22059, '28', '003', '23', 2026),
  (22060, '24', '003', '23', 2026),
  (23004, '11', '003', '23', 2026),
  (23007, '20', '003', '23', 2026),
  (23008, '31', '003', '23', 2026),
  (23011, '31', '003', '23', 2026),
  (23016, '24', '003', '23', 2026),
  (23021, '31', '003', '23', 2026),
  (23023, '24', '003', '23', 2026),
  (23024, '20', '003', '23', 2026),
  (23025, '31', '003', '23', 2026),
  (23027, '31', '003', '23', 2026),
  (23028, '31', '003', '23', 2026),
  (23029, '31', '003', '23', 2026),
  (23030, '24', '003', '23', 2026),
  (23032, '31', '003', '23', 2026),
  (23034, '31', '003', '23', 2026),
  (23035, '24', '003', '23', 2026),
  (23036, '31', '003', '23', 2026),
  (23039, '31', '003', '23', 2026),
  (23041, '31', '003', '23', 2026),
  (23043, '31', '003', '23', 2026),
  (23045, '31', '003', '23', 2026),
  (23046, '20', '003', '23', 2026),
  (23048, '24', '003', '23', 2026),
  (23053, '31', '003', '23', 2026),
  (23054, '31', '003', '23', 2026),
  (23056, '31', '003', '23', 2026),
  (24000, '26', '003', '23', 2026),
  (24001, '26', '003', '23', 2026),
  (24003, '26', '003', '23', 2026),
  (24004, '17', '003', '23', 2026),
  (24005, '26', '003', '23', 2026),
  (24006, '14', '003', '23', 2026),
  (24007, '17', '003', '23', 2026),
  (24008, '17', '003', '23', 2026),
  (24009, '32', '003', '23', 2026),
  (24010, '17', '003', '23', 2026),
  (24011, '14', '003', '23', 2026),
  (24012, '14', '003', '23', 2026),
  (24013, '26', '003', '23', 2026),
  (24014, '14', '003', '23', 2026),
  (24015, '31', '003', '23', 2026),
  (24016, '26', '003', '23', 2026),
  (24017, '26', '003', '23', 2026),
  (24018, '26', '003', '23', 2026),
  (24020, '26', '003', '23', 2026),
  (24021, '26', '003', '23', 2026),
  (24022, '26', '003', '23', 2026),
  (24023, '31', '003', '23', 2026),
  (24025, '26', '003', '23', 2026),
  (24026, '26', '003', '23', 2026),
  (24027, '31', '003', '23', 2026),
  (24028, '32', '003', '23', 2026),
  (24029, '17', '003', '23', 2026),
  (24032, '14', '003', '23', 2026),
  (24033, '32', '003', '23', 2026),
  (24037, '26', '003', '23', 2026),
  (24040, '26', '003', '23', 2026),
  (24043, '32', '003', '23', 2026),
  (24044, '26', '003', '23', 2026),
  (24046, '14', '003', '23', 2026),
  (24047, '1', '003', '23', 2026),
  (24048, '26', '003', '23', 2026),
  (25000, '16', '003', '23', 2026),
  (25001, '21', '003', '23', 2026),
  (25002, '21', '003', '23', 2026),
  (25003, '31', '003', '23', 2026),
  (25004, '33', '003', '23', 2026),
  (25005, '21', '003', '23', 2026),
  (25006, '21', '003', '23', 2026),
  (25008, '29', '003', '23', 2026),
  (25009, '16', '003', '23', 2026),
  (25010, '21', '003', '23', 2026),
  (25011, '31', '003', '23', 2026),
  (25015, '31', '003', '23', 2026),
  (25017, '21', '003', '23', 2026),
  (25018, '29', '003', '23', 2026),
  (25020, '16', '003', '23', 2026),
  (25021, '31', '003', '23', 2026),
  (25022, '31', '003', '23', 2026),
  (25023, '16', '003', '23', 2026),
  (25024, '33', '003', '23', 2026),
  (25025, '16', '003', '23', 2026),
  (25026, '31', '003', '23', 2026),
  (25027, '31', '003', '23', 2026),
  (25029, '16', '003', '23', 2026),
  (25033, '33', '003', '23', 2026),
  (25034, '27', '003', '23', 2026),
  (25039, '16', '003', '23', 2026),
  (25040, '25', '003', '23', 2026),
  (25041, '31', '003', '23', 2026),
  (26000, '30', '003', '23', 2026),
  (26001, '30', '003', '23', 2026),
  (26002, '33', '003', '23', 2026),
  (26003, '19', '003', '23', 2026),
  (26004, '22', '003', '23', 2026),
  (26005, '19', '003', '23', 2026),
  (26006, '30', '003', '23', 2026),
  (26007, '19', '003', '23', 2026),
  (26008, '19', '003', '23', 2026),
  (26009, '19', '003', '23', 2026),
  (26010, '30', '003', '23', 2026),
  (26011, '33', '003', '23', 2026),
  (26012, '22', '003', '23', 2026),
  (26013, '22', '003', '23', 2026),
  (26014, '19', '003', '23', 2026),
  (26015, '19', '003', '23', 2026),
  (26016, '33', '003', '23', 2026),
  (26017, '30', '003', '23', 2026),
  (26018, '30', '003', '23', 2026),
  (26019, '19', '003', '23', 2026),
  (26020, '30', '003', '23', 2026),
  (26021, '30', '003', '23', 2026),
  (26022, '30', '003', '23', 2026),
  (26023, '33', '003', '23', 2026),
  (26024, '22', '003', '23', 2026),
  (26025, '19', '003', '23', 2026),
  (26026, '27', '003', '23', 2026),
  (26027, '33', '003', '23', 2026),
  (26028, '22', '003', '23', 2026),
  (26029, '22', '003', '23', 2026),
  (26030, '19', '003', '23', 2026),
  (26031, '30', '003', '23', 2026);

-- transporte (94 filas)
INSERT INTO `transporte` (`codigo_alumno`, `codigo_transporte`, `codigo_concepto`, `centro_costos`, `anio`) VALUES
  (22051, '1', '004', '24', 2026),
  (22052, '1', '004', '24', 2026),
  (15018, '2', '004', '24', 2026),
  (20049, '2', '004', '24', 2026),
  (22022, '2', '004', '24', 2026),
  (22029, '2', '004', '24', 2026),
  (22030, '2', '004', '24', 2026),
  (23035, '2', '004', '24', 2026),
  (26015, '2', '004', '24', 2026),
  (17007, '3', '004', '24', 2026),
  (13102, '4', '004', '24', 2026),
  (23029, '4', '004', '24', 2026),
  (24026, '4', '004', '24', 2026),
  (26023, '4', '004', '24', 2026),
  (14096, '5', '004', '24', 2026),
  (18000, '5', '004', '24', 2026),
  (18001, '5', '004', '24', 2026),
  (18002, '5', '004', '24', 2026),
  (19012, '5', '004', '24', 2026),
  (19013, '5', '004', '24', 2026),
  (23023, '5', '004', '24', 2026),
  (23039, '5', '004', '24', 2026),
  (24007, '5', '004', '24', 2026),
  (26001, '6', '004', '24', 2026),
  (26002, '6', '004', '24', 2026),
  (18079, '7', '004', '24', 2026),
  (19002, '7', '004', '24', 2026),
  (23024, '7', '004', '24', 2026),
  (24014, '7', '004', '24', 2026),
  (24018, '7', '004', '24', 2026),
  (25022, '7', '004', '24', 2026),
  (25027, '7', '004', '24', 2026),
  (26013, '7', '004', '24', 2026),
  (26016, '7', '004', '24', 2026),
  (15058, '8', '004', '24', 2026),
  (14089, '8', '004', '24', 2026),
  (18003, '8', '004', '24', 2026),
  (21024, '8', '004', '24', 2026),
  (22017, '8', '004', '24', 2026),
  (22056, '8', '004', '24', 2026),
  (25008, '8', '004', '24', 2026),
  (26017, '8', '004', '24', 2026),
  (26021, '8', '004', '24', 2026),
  (23043, '9', '004', '24', 2026),
  (13071, '9', '004', '24', 2026),
  (15011, '9', '004', '24', 2026),
  (15061, '9', '004', '24', 2026),
  (16008, '9', '004', '24', 2026),
  (16014, '9', '004', '24', 2026),
  (16018, '9', '004', '24', 2026),
  (16054, '9', '004', '24', 2026),
  (17046, '9', '004', '24', 2026),
  (17063, '9', '004', '24', 2026),
  (18048, '9', '004', '24', 2026),
  (19001, '9', '004', '24', 2026),
  (19005, '9', '004', '24', 2026),
  (19016, '9', '004', '24', 2026),
  (19033, '9', '004', '24', 2026),
  (19036, '9', '004', '24', 2026),
  (19045, '9', '004', '24', 2026),
  (19052, '9', '004', '24', 2026),
  (19058, '9', '004', '24', 2026),
  (21005, '9', '004', '24', 2026),
  (21013, '9', '004', '24', 2026),
  (22011, '9', '004', '24', 2026),
  (22012, '9', '004', '24', 2026),
  (22024, '9', '004', '24', 2026),
  (22037, '9', '004', '24', 2026),
  (23011, '9', '004', '24', 2026),
  (23027, '9', '004', '24', 2026),
  (23028, '9', '004', '24', 2026),
  (23046, '9', '004', '24', 2026),
  (24000, '9', '004', '24', 2026),
  (24047, '9', '004', '24', 2026),
  (25000, '9', '004', '24', 2026),
  (25015, '9', '004', '24', 2026),
  (25018, '9', '004', '24', 2026),
  (25033, '9', '004', '24', 2026),
  (25034, '9', '004', '24', 2026),
  (20054, '10', '004', '24', 2026),
  (26030, '11', '004', '24', 2026),
  (16028, '11', '004', '24', 2026),
  (16039, '11', '004', '24', 2026),
  (16069, '11', '004', '24', 2026),
  (17027, '11', '004', '24', 2026),
  (18018, '11', '004', '24', 2026),
  (20027, '11', '004', '24', 2026),
  (20036, '11', '004', '24', 2026),
  (21008, '11', '004', '24', 2026),
  (24015, '11', '004', '24', 2026),
  (26014, '11', '004', '24', 2026),
  (24040, '12', '004', '24', 2026),
  (20043, '13', '004', '24', 2026),
  (22031, '13', '004', '24', 2026);

-- nivelacion (1 filas)
INSERT INTO `nivelacion` (`codigo_alumno`, `codigo_valor`, `codigo_concepto`, `centro_costos`, `anio`) VALUES
  (0, '0', '012', '27', 2026);

-- listado_transporte (95 filas)
INSERT INTO `listado_transporte` (`codigo`, `barrio`, `telefono`, `quien_recibe`, `clase_ruta`, `ruta`, `direccion`) VALUES
  (24014, 'EL VERGEL', '3143125280', 'MARTHA HERNANDEZ', 'COMPLETA', '6', 'CRA 23 # 2-54'),
  (16054, 'CENTRO AMERICAS', '3106367617', 'JORGE DAVID CARDOZA', 'COMPLETA', '1', 'CRA 69F BIS # 1-15'),
  (26002, 'NUEVA PRIMAVERA', '3208541092', 'EDWIN SILVA', 'COMPLETA', '2', 'CARRERA 43 B # 4 - 51'),
  (23046, 'HIPOTECHO OCCIDENTAL', '3115896448', 'ANALA LUCIA USMA', 'COMPLETA', '2', 'CRA 69D  # 1 -  60 SUR'),
  (18000, 'USATAMA', '3164231643', 'ISAURA CASTAÑO', 'MEDIA 2:30 P.M.', '3', 'DIAG 22C # 28 - 78'),
  (26001, 'NUEVA PRIMAVERA', '3208541092', 'EDWIN SILVA', 'COMPLETA', '2', 'CARRERA 43 B # 4 - 51'),
  (23023, 'USATAMA', '3164231643', 'ISAURA CASTAÑO', 'MEDIA 2:30 P.M.', '3', 'DIAG 22C # 28 - 78'),
  (21013, 'ATENAS', '3114566697', 'YEIMY MILENA JIMENEZ', 'COMPLETA', '6', 'CALLE 36H SUR # 2-32 ESTE'),
  (18048, 'VILLA JAVIER', '3107525938', 'MARCELA BELLO GIRALDO', 'COMPLETA', '6', 'CRA 5A # 5B-18 SUR'),
  (18001, 'USATAMA', '3164231643', 'ISAURA CASTAÑO', 'MEDIA 2:30 P.M.', '3', 'DIAG 22C # 28 - 78'),
  (25008, 'SAN ANTONIO', '3204732118', 'BERTILDA CASTILLO', 'COMPLETA', '6', 'CALLE 6 SUR # 19 - 61'),
  (18002, 'USATAMA', '3164231643', 'ISAURA CASTAÑO', 'MEDIA 2:30 P.M.', '3', 'DIAG 22C # 28 - 78'),
  (15061, 'CALVO SUR', '3138632452', 'LILIANA CLAVIJO', 'COMPLETA', '6', 'CRA 8 # 1A - 52 SUR'),
  (19013, 'LAGO TIMIZA', '3015274762', 'DIDIANA MILLAN', 'MEDIA 2:30 P.M.', '4', 'CARRERA 74A # 42G  58 SUR T 11 APTO 231'),
  (21005, 'LA ESTANZUELA', '3103028465', 'MIGUEL HUMBERTO TORO SIERRA', 'COMPLETA', '6', 'CRA 18B # 5C-17'),
  (24000, 'PIJAOS', '3133951485', 'JESUS ARIAS ARIAS', 'COMPLETA', '6', 'CRA 12 BIS # 34C-17 SUR'),
  (20049, 'CIUDAD BERNA  SUR', '3209090073', 'MAURICIO BARON BRAVO', 'MEDIA 2:30 P.M.', '6', 'CRA 12 # 8-72 SUR'),
  (13071, 'CENTRO AMERICAS', '3158754257', 'OSCAR AREVALO MARTINEZ', 'COMPLETA', '1', 'CRA 69F BIS # 1-15'),
  (15018, 'COLON- PUENTE ARANDA', '3103340059', 'LINA VARGAS', 'MEDIA 2:30 P.M.', '2', 'CRA 53F # 4B-65'),
  (16069, 'TINTAL II ETAPA 8', '3144256100', 'HECTOR ORTEGON', 'COMPLETA', '1', 'CRA 94A # 6C-59  T2 APTO 602'),
  (25015, 'SAN VICENTE FERRERA', '3103156484', 'VIVIANA ALBARRACIN', 'COMPLETA', '4', 'CALLE 55 SUR # 33A-42'),
  (23011, 'BANDERAS', '3103219804', 'JOSE WILLIAM CHACON GAITAN', 'COMPLETA', '1', 'CALLE 1 # 78L-12  APTO 401 BLOQ H2'),
  (19033, 'KENEDY CENTRAL', '3143617196', 'OSCAR CASTILLO', 'COMPLETA', '1', 'CRA 77 # 38B - 57 SUR'),
  (17007, 'PUENTE ARANDA', '3102535883', 'SANDRA MARIÑO', 'MEDIA 2:30 P.M.', '2', 'CALLE 15 # 47 - 56'),
  (23024, 'SANTAMATILDE', '3124788378', 'JIMENA MEDINA', 'COMPLETA', '3', 'CRA 36 # 1F-10'),
  (22011, 'PLAZA DE LAS AMERICAS', '3107528303', 'DAVID MALAGON', 'COMPLETA', '1', 'CALLE 3 SUR # 69A-91'),
  (22024, 'KENEDY CENTRAL', '3183082509', 'EDWIN AVILA', 'COMPLETA', '1', 'CRA 73B BIS # 35C - 77 SUR'),
  (23027, 'VILLA MAYOR', '3208379574', 'LADY ABELLO', 'COMPLETA', '4', 'CALLE 37 SUR # 30 - 33'),
  (26014, 'SAN MORENO', '3142110317', 'INGRY RAMIREZ', 'COMPLETA', '4', 'CALLE 49 SUR # 29 - 73'),
  (22029, 'SAN ANTONIO', '3115700687', 'PAULA ANDREA PRADA', 'MEDIA 2:30 P.M.', '6', 'CRA 14 B #  4-30 SUR'),
  (20043, 'FONTIBON', '3114510508', 'YENNY PAOLA ORTEGON', 'COMPLETA', '2', 'CALLE 19A BIS 116 81'),
  (19001, 'LA IGUALDAD', '3115361440', 'LUZ DARY HERRERA ORTEGON', 'COMPLETA', '2', 'AV 68 # 5-75  T3 APTO 717'),
  (14089, 'SAN JORGE CENTRAL', '3152112108', 'GLORIA GUZMÁN', 'COMPLETA', '4', 'CRA 34F # 30 - 51 SUR'),
  (19045, 'CLARET', '3144791870', 'LUZ MELIDA PERALTA', 'COMPLETA', '4', 'CALLE 48 SUR # 29-63'),
  (19052, 'LOS SAUCES', '3233117243', 'MARTHA LILIANA BARRERA PARRA', 'COMPLETA', '1', 'CALLE 28 SUR # 37-10'),
  (21024, 'PRIMAVERA', '3117833756', 'GUILLERMO ALFONSO RIVEROS', 'COMPLETA', '3', 'CRA 41A # 4C - 60  PISO 3'),
  (18018, 'SAN ANDRES', '3107549297', 'ROBINSON QUINTERO', 'COMPLETA', '4', 'CRA 68D # 40 SUR - 53'),
  (20054, 'CIUDAD JARDIN SUR', '3142562379', 'ESNEDA CALDERON', 'MEDIA 2:30 P.M.', '6', 'CRA 10 # 17-25 SUR'),
  (16014, 'MIRADOR DE SAN ESTEBAN', '3102687095', 'GINA JUDITH RAMIREZ FANDIÑO', 'COMPLETA', '1', 'CALLE 8A BIS  # 80-63  T 1 APTO 902'),
  (23039, 'TUNAL ANTIGUO', '3022605900', 'STEPHANNY BARRERA VARGAS', 'MEDIA AM', '4', 'TRANSV  22A # 46A-81 SUR'),
  (19016, 'ATENAS', '3114566697', 'YEIMY MILENA JIMENEZ', 'COMPLETA', '6', 'CALLE 36H SUR # 2-32 ESTE'),
  (17027, 'HAYUELOS- PRADO GRANDE 1', '3108780365', 'YANETH CORREDOR', 'COMPLETA', '2', 'CRA 89 # 19A-49'),
  (17046, 'CENTRO AMERICAS', '3158754257', 'OSCAR AREVALO MARTINEZ', 'COMPLETA', '1', 'CRA 69F BIS # 1-15'),
  (19058, 'CASTILLA', '3132822318', 'ADRIANA TABORDA', 'COMPLETA', '1', 'CALLE 10 # 80-41'),
  (18003, 'PRIMAVERA', '3005614133', 'ZULY CARRILLO', 'COMPLETA', '3', 'CRA 40 # 60-12  T1 APTO 403'),
  (14096, 'MADELENA', '3135541086', 'FRANCY FORERO', 'MEDIA AM', '4', 'CALLE 59 SUR # 66 54 APTO 204'),
  (22030, 'MIRADOR DE SANTA ISABEL', '3115912855', 'LAURA KATERINE MURILLO MONTAÑA', 'MEDIA 2:30 P.M.', '3', 'CALLE 3 # 20A-75'),
  (25018, 'TUNAL', '3102706639', 'GLORIA HERRERA', 'COMPLETA', '4', 'CALLE 52F SUR # 24 - 50'),
  (22017, 'PRIMAVERA', '3005614133', 'ZULY CARRILLO', 'COMPLETA', '3', 'CRA 40 # 60-12  T1 APTO 403'),
  (22031, 'FONTIBON', '3214109022', 'LINA RINCÓN', 'COMPLETA', '2', 'CRA 96C # 16 - 61'),
  (17063, 'PIJAOS', '3219838303', 'DIANA MARCELA SALAMANCA', 'COMPLETA', '6', 'CRA 11B # 334 a-SUR'),
  (23029, 'VILLA CLAUDIA', '3046398292', 'ELSY GRANADOS', 'MEDIA PM', '1', 'CRA 68C # 9A - 38 SUR'),
  (23028, 'VILLA MAYOR', '3208379574', 'LADY ABELLO', 'COMPLETA', '4', 'CALLE 37 SUR # 30 - 33'),
  (21008, 'CIUDAD TINTAL', '3002463588', 'MARTHA LOMBANA', 'COMPLETA', '1', 'CALLE 8A # 92-72  CASA 239'),
  (24015, 'VITELMA', '3114864229', 'ANGYE PEREZ', 'COMPLETA', '6', 'CALLE 9BIS SUR # 8 - 49 ESTE'),
  (24018, 'EL VERGEL', '3135987747', 'JULIE ANDREA GOMEZ BALCAZAR', 'COMPLETA', '6', 'CRA 20 # 4A-75 EN LA TARDE AV- CALLE 3 No 23 A - 16'),
  (25000, 'PLAZA DE LAS AMERICAS', '3107528303', 'DAVID MALAGON', 'COMPLETA', '1', 'CALLE 3 SUR # 69A-91'),
  (24047, 'CASTILLA', '3013413149', 'YANIBET SANCHEZ VELASQUEZ', 'COMPLETA', '1', 'TRANSV 77 # 7A - 16 CASA 30'),
  (15011, 'PALOQUEMADO', '3202334541', 'SHIRLEY RAMIREZ CAMPO', 'COMPLETA', '3', 'CRA 22 # 18 - 66 APTO 525'),
  (24040, 'MILENTA', '3123677264', 'CAMILA SUAREZ', 'COMPLETA', '2', 'CALLE 13 SUR # 56-17'),
  (26015, 'SANTANDER', '3108834623', 'GABRIELA BUITRAGO', 'MEDIA 2:30 P.M.', '4', 'CRA 29 B # 18A - 20 SUR'),
  (26016, 'SANTA ISABEL', '3173349876', 'KENYA PERDOMO', 'COMPLETA', '3', 'CALLE 5A # 22 A - 66'),
  (26013, 'SANTA ISABEL', '3153021799', 'MARIA ROJAS', 'COMPLETA', '3', 'CALLE 1H # 31 - 06 PISO 2'),
  (18079, 'PRIMAVERA', '3214600475', 'ANA MILENA ROMERO INFANTE', 'MEDIA 2:30 P.M.', '3', 'CRA 40 #  6 -  12'),
  (25034, 'KENEDY CENTRAL', '3165232718', 'PEDRO SIATOBA', 'COMPLETA', '1', 'CALLE 35 SUR # 78L -41'),
  (13102, 'VILLA ALSACIA', '3102563661', 'RIGOBERTO HERNANDEZ', 'MEDIA AM', '2', 'CALLE 12C # 71C-61'),
  (19036, 'PALOQUEMADO', '3202334541', 'SHIRLEY RAMIREZ CAMPO', 'COMPLETA', '3', 'CRA 22 # 18 - 66 APTO 525'),
  (22012, 'LA IGUALDAD', '3115137133', 'SERGIO ARIAS', 'COMPLETA', '2', 'AV. CALLE 6 # 68 - 45'),
  (19002, 'EL VERGEL', '3143125280', 'MARTHA HERNANDEZ', 'COMPLETA', '6', 'CRA 23 No 2-54'),
  (19005, 'LA IGUALDAD', '3115137133', 'SERGIO ARIAS', 'COMPLETA', '2', 'AV. CALLE 6 # 68 - 45'),
  (20036, 'SAN FRANCISCO', '3203397412', 'LUZ VALDERRAMA', 'COMPLETA', '4', 'CRA 20 # 66 - 42 SUR'),
  (19012, 'LAGO TIMIZA', '3112107793', 'JOHAN VELOZA', 'MEDIA 2:30 P.M.', '4', 'CRA 74A # 42G -58 SUR'),
  (16028, 'SAN MARTIN', '3224514173', 'RODRIGO OVALLE GOMEZ', 'COMPLETA', '6', 'CRA 1A ESTE # 43B-58 SUR'),
  (22022, 'CIUDAD JARDIN SUR', '3208670589', 'LORENA MOSQUERA', 'MEDIA 2:30 P.M.', '6', 'CRA 12C # 18 - 62 SUR'),
  (23035, 'COLON- PUENTE ARANDA', '3103340059', 'LINA VARGAS', 'MEDIA 2:30 P.M.', '2', 'CRA 53F # 4B-65'),
  (22051, 'SANTA ISABEL', '3107865968', 'LUZ MARITZA MELO ROJAS', 'MEDIA 2:30 P.M.', '6', 'CALLE 5C # 27B-31'),
  (22052, 'SANTA ISABEL', '3107865968', 'LUZ MARITZA MELO ROJAS', 'MEDIA 2:30 P.M.', '6', 'CALLE 5C # 27B-31'),
  (24007, 'LAGO TIMIZA', '3112107793', 'JOHAN VELOZA', 'MEDIA 2:30 P.M.', '4', 'CRA 74A # 42G - 58 SUR'),
  (16039, 'LAS DELICIAS', '3123466816', 'ALEXANDRA VARGAS', 'COMPLETA', '4', 'CRA 68D # 40-53 SUR  T.2 APTO 106'),
  (25027, 'LA FRAGUA', '3187079588', 'OLGA RAMIREZ', 'COMPLETA', '4', 'CALLE 17 SUR # 30 - 51'),
  (24026, 'LA FRANCIA', '3208079765', 'ANGELICA JOHAN GARZON RINCON', 'MEDIA AM', '3', 'DIAG 5G # 45 - 48'),
  (20027, 'MADELENA', '3124656361', 'AURA SEPULVEDA', 'COMPLETA', '4', 'CALLE 59 SUR # 52 - 24'),
  (16008, 'FATIMA', '3142110317', 'INGRI RAMIREZ', 'COMPLETA', '4', 'CALLE 49A SUR # 36 - 76'),
  (26017, 'SAN ANTONIO', '3112434991', 'YULIETH CALDERON', 'COMPLETA', '6', 'CRA 18 # 3 SUR - 34'),
  (26021, 'TEJAR', '3102043463', 'KAREN BUITRAGO', 'COMPLETA', '1', 'CALLE 34 SUR # 52C - 30'),
  (26023, 'VILLA DE LOS ALPES', '3004200639', 'LESLY DELGADO', 'MEDIA A.M.', '6', 'CALLE 35C SUR # 1A - 66'),
  (26028, 'SANTA MATILDE', '3023898685', 'MELANY BARRERA', 'COMPLETA', '2', 'CRA 35 # 9 - 26 SUR'),
  (26030, 'OLARTE', '3182637897', 'STEFANIA RODRIGUEZ', 'COMPLETA', '4', 'CALLE BIS SUR 71B - 24'),
  (16018, 'KENEDY CENTRAL', '3112651205', 'ANDREA RIVERA', 'COMPLETA', '1', 'CRA 78C # 41A - 05 SUR'),
  (25033, 'USATAMA', '3160501585', 'JORGE DELGADO', 'COMPLETA', '3', 'CALLE 23 BIS # 28 - 20'),
  (22056, 'PRIMAVERA', '3115414710', 'ANDREA CACERES', 'COMPLETA', '3', 'CRA 40 # 6 - 12 T 5 APTO 402'),
  (22037, 'EL CARMEN', '3202332235', 'WILSON SOSA', 'COMPLETA', '4', 'DG 52 SUR # 29 - 81'),
  (23043, 'ALQUERIA LA FRAGUA', '3138490210', 'WILSON BUSTOS', 'COMPLETA', '4', 'CALLE 37 G SUR # 68F - 65'),
  (25022, 'SANTA ISABEL', '3212766148', 'SINDY ORTIZ', 'COMPLETA', '3', 'CALLE 12A SUR 29D - 14'),
  (15058, 'CIUDAD MONTES', '3193786568', 'MARCELA TRUJILLO', 'CMPLETA', '2', 'DIAG 16 SUR # 40 - 26');

-- observaciones_contables (65 filas)
INSERT INTO `observaciones_contables` (`codigo_alumno`, `observacion`) VALUES
  (13071, 'NC. DESCUENTO POR HNO COD 17046 
NC. DESCUENTO 5% PAGO ANTICIPADO.'),
  (14081, 'NC. DESCUENTO DEL 5% PAGO ANTICIPADO'),
  (15011, 'NC. DESCUENTO POR HNO COD 19036'),
  (15018, 'NC. DESCUENTO POR HNO COD 23035'),
  (15032, 'NO TOMA POLIZAS'),
  (16008, 'NC. DESCUENTO POR HNO COD 26014'),
  (16009, 'NC. DESCUENTO POR HNO COD 20006'),
  (16010, 'NC. DESCUENTO POR HNO COD 17029'),
  (16015, 'NC. DESCUENTO POR HNO COD 20024'),
  (16025, 'NC. DESCUENTO POR HNO COD 21000'),
  (16033, 'NO POLIZA'),
  (16054, 'NC. DESCUENTO POR HNO COD 12069'),
  (16058, 'NC. DESCUENTO POR HNO COD 24017'),
  (17001, 'NC. SE REALIZA NC. SE LE FACTURO COMPLETO 
ESTUDIANTE CON MEDIA BECA'),
  (17011, 'NC. DESCUESNTO POR HNO COD 17010'),
  (17032, 'NC. DESCUENTO POR HNO COD 22046'),
  (17036, 'NC. DESCUENTO POR HNO COD 22028'),
  (17043, 'NO POLIZA'),
  (17046, 'NC. DESCUENTO DEL 5% PAGO ANTICIPADO'),
  (18002, 'NC. DESCUENTO POR HNO COD 18000'),
  (18003, 'NC. DESCUENTO POR HNO COD 22017'),
  (18042, 'NC. DESCUENTO POR HNO COD 18057'),
  (19004, 'NC. DESCUENTO POR HNO COD 21010'),
  (19005, 'NC. DESCUENTO POR HNO COD 22012'),
  (19008, 'NO POLIZA
NC. EN PENSION REFERIDO COD. 26003'),
  (19012, 'NC. DESCUENTO POR HNO COD 19012'),
  (19016, 'NC. DESCUENTO POR HNO COD 21013'),
  (19017, 'NC. DESCUENTO POR HNO COD 23021'),
  (20004, 'NC. $202.600 ERROR EN LA FATURACIÓN DE UNIFORMES'),
  (20008, 'beca complea mario alberto zuñiga'),
  (20009, 'NO POLIZA'),
  (20010, 'NC. DESCUENTO POR HNO COD 26025'),
  (20047, 'NO POLIZA'),
  (21004, 'media beca - no toma poliza'),
  (21018, 'NC. DESCUENTO POR HNO COD 21017'),
  (21023, 'NC. DESCUENTO POR HNO COD 21022'),
  (22001, 'NO POLIZA'),
  (22015, 'NC. DESCUENTO DEL 50% PENSION FEB REFERENCIA AL COD 26024'),
  (22033, 'NO POLIZA'),
  (22044, 'NO POLIZA'),
  (22051, 'NC. DESCUENTO POR HNO COD 22052'),
  (23028, 'NC. DESCUENTO POR HNO COD 23027'),
  (24001, 'NC. DESCUENTO DEL 5% PAGO ANTICIPADO'),
  (24006, 'NC. DESCUENTO POR HNO COD 23007'),
  (24008, 'NC. DESCUENTO POR HNO COD 20018'),
  (24022, 'NC. DESCUENTO POR HNO COD 23025'),
  (25000, 'NC. DESCUENTO POR HNO COD 22011'),
  (25001, 'NC. DESCUENTO POR HNO COD 22003'),
  (25005, 'NC. DESCUENTO POR HNO COD 25005'),
  (25006, 'NC. DESCUENTO POR HNO COD 21003'),
  (25021, 'NC. DESCUENTO POR HNO COD 26027
TRASLADO DEUDA SALDO AÑO 2025'),
  (25029, 'NC. DESCUENTO POR HNO COD 20029'),
  (26000, 'pago del 13/02 se encontraba en desconocidos con feha del 29/01'),
  (26005, 'NC. DESCUENTO POR HNO COD 22045'),
  (26007, 'NC. DESCUENTO POR HNO COD 22019'),
  (26008, 'NC. DESCUENTO POR HNO COD 24009'),
  (26017, 'LOS PAGO DEL 27/01/26 SE ENCONTRABA EN DESCONOCIDOS CON FECHA DEL 17/12/2025'),
  (26019, 'NC. DESCUENTO POR HNO COD 25024'),
  (26021, 'PAGO DEL 27/01/26 SE ENCONTRABA EN DESCONOCIDOS CON FECHA DEL 05/12/2025'),
  (26022, 'PAGO DEL 28/01/2026 SE ENCONTRABA EN DESCONOCIDOS SE RECONOCE 13/02/2026'),
  (26023, 'NC. EN MATRICULA, COMPRA DE FORMULARIO'),
  (22045, 'LOS PAGOS DEL 5/3 SON PAGOS RECONOCIDOS DEL 5/12/2025'),
  (26028, 'el pago del 11/2 no estaba relacionado, se ingreso el 6/3'),
  (25040, 'TIENE ACUERDO DE PAGO 9 CUOTAS DE $1,458,789 LOS 30 DE CADA MES'),
  (21022, 'nc. Descuento por referrido cod 26010');

SET FOREIGN_KEY_CHECKS=1;